Building,UWG,Location Summary,,,,,,,,,,,,,,,,,
,,,,Miami,Houston,Phoenix,Atlanta,Los Angeles,Las Vegas,San Francisco,Baltimore,Albuquerque,Seattle,Chicago,Boulder,Minneapolis,Helena,Duluth,Fairbanks
BLD1PRE,,Program,,,,,,,,,,,,,,,,,
BLD1PRE,Zone,,ASHRAE 90.1-2004 Climate Zone,1A,2A,2B,3A,3B-CA,3B,3C,4A,4B,4C,5A,5B,6A,6B,7,8
BLD1PRE,,,Available Fuel Types,"gas, electricity","gas, electricity","gas, electricity","gas, electricity","gas, electricity","gas, electricity","gas, electricity","gas, electricity","gas, electricity","gas, electricity","gas, electricity","gas, electricity","gas, electricity","gas, electricity","gas, electricity","gas, electricity"
BLD1PRE,,Fabric,,,,,,,,,,,,,,,,,
BLD1PRE,,,Exterior walls,,,,,,,,,,,,,,,,
BLD1PRE,TypeWall,,Construction Type,SteelFrame,SteelFrame,SteelFrame,SteelFrame,SteelFrame,SteelFrame,SteelFrame,SteelFrame,SteelFrame,SteelFrame,SteelFrame,SteelFrame,SteelFrame,SteelFrame,SteelFrame,SteelFrame
BLD1PRE,RvalWall,,R-value (m2·K / W),0.77,0.77,0.77,0.78,0.77,0.77,0.79,0.99,0.96,1.01,1.13,1.09,1.22,1.22,1.30,1.41
BLD1PRE,,,Roof,,,,,,,,,,,,,,,,
BLD1PRE,TypeRoof,,Construction Type,IEAD,IEAD,IEAD,IEAD,IEAD,IEAD,IEAD,IEAD,IEAD,IEAD,IEAD,IEAD,IEAD,IEAD,IEAD,IEAD
BLD1PRE,RvalRoof,,R-value (m2·K / W),1.76,1.76,1.76,1.76,1.76,1.76,1.76,2.04,1.98,2.07,2.50,2.37,2.99,2.99,2.93,2.99
BLD1PRE,,,Window,,,,,,,,,,,,,,,,
BLD1PRE,Uwindow,,U-Factor (W / m2·K),5.84,5.84,5.84,5.84,5.84,5.84,5.84,5.84,5.84,5.84,3.53,3.53,3.53,3.53,3.53,3.53
BLD1PRE,SHGC,,SHGC,0.54,0.54,0.54,0.54,0.54,0.54,0.54,0.54,0.54,0.54,0.41,0.41,0.41,0.41,0.41,0.41
BLD1PRE,,,Visible transmittance,0.38,0.38,0.38,0.38,0.38,0.38,0.38,0.38,0.38,0.38,0.32,0.32,0.32,0.32,0.32,0.32
BLD1PRE,,,Foundation,,,,,,,,,,,,,,,,
BLD1PRE,,,Foundation Type,Mass Floor,Mass Floor,Mass Floor,Mass Floor,Mass Floor,Mass Floor,Mass Floor,Mass Floor,Mass Floor,Mass Floor,Mass Floor,Mass Floor,Mass Floor,Mass Floor,Mass Floor,Mass Floor
BLD1PRE,,,Construction,4in slab-on-grade,4in slab-on-grade,4in slab-on-grade,4in slab-on-grade,4in slab-on-grade,4in slab-on-grade,4in slab-on-grade,4in slab-on-grade,4in slab-on-grade,4in slab-on-grade,4in slab-on-grade,4in slab-on-grade,4in slab-on-grade,4in slab-on-grade,4in slab-on-grade,4in slab-on-grade
BLD1PRE,,,R-value (m2·K / W),0.32,0.32,0.32,0.32,0.32,0.32,0.32,0.32,0.32,0.32,0.32,0.32,0.32,0.32,0.32,0.32
BLD1PRE,,HVAC,,,,,,,,,,,,,,,,,
BLD1PRE,,,HVAC Sizing,,,,,,,,,,,,,,,,
BLD1PRE,HVAC,,Air Conditioning (kW),126.29,130.17,135.63,131.72,114.98,135.33,81.22,122.35,113.73,94.67,114.43,103.76,113.96,84.58,108.92,93.27
BLD1PRE,,,PSZ-AC_1:1_COOLC DXCOIL,101.79,104.88,108.93,106.18,94.18,108.80,67.43,99.47,89.39,77.52,90.47,81.34,86.91,65.33,79.81,67.64
BLD1PRE,,,PSZ-AC_2:2_COOLC DXCOIL,24.50,25.29,26.70,25.54,20.80,26.53,13.79,22.89,24.33,17.15,23.96,22.42,27.06,19.25,29.11,25.63
BLD1PRE,HEAT,,Heating (kW),174.50,224.27,199.53,239.67,167.71,210.77,169.66,251.19,214.03,206.36,282.77,235.95,310.11,288.85,316.89,446.73
BLD1PRE,,,PSZ-AC_1:1_HEATC,136.30,172.22,153.16,182.98,133.98,160.96,138.47,194.63,162.29,165.10,213.58,178.93,225.68,206.73,223.92,294.68
BLD1PRE,,,PSZ-AC_2:2_HEATC,38.20,52.05,46.36,56.70,33.72,49.81,31.19,56.56,51.73,41.26,69.19,57.02,84.43,82.12,92.96,152.05
BLD1PRE,,,HVAC Efficiency,,,,,,,,,,,,,,,,
BLD1PRE,COP,,Air Conditioning (COP),3.28237979,3.282454012,3.283151023,3.282344612,3.27883371,3.282938905,3.362815208,3.280502701,3.28776707,3.309704256,3.28654303,3.288337738,3.294103634,3.345527032,3.302152987,3.354954785
BLD1PRE,,,PSZ-AC_1:1_COOLC DXCOIL,3.23,3.23,3.23,3.23,3.23,3.23,3.30,3.23,3.23,3.23,3.23,3.23,3.23,3.30,3.23,3.30
BLD1PRE,,,PSZ-AC_2:2_COOLC DXCOIL,3.50,3.50,3.50,3.50,3.50,3.50,3.67,3.50,3.50,3.67,3.50,3.50,3.50,3.50,3.50,3.50
BLD1PRE,EffHeat,,Heating Efficiency (%),0.78,0.78,0.78,0.78,0.78,0.78,0.78,0.78,0.78,0.78,0.78,0.78,0.78,0.78,0.78,0.78
BLD1PRE,,,PSZ-AC_1:1_HEATC,0.78,0.78,0.78,0.78,0.78,0.78,0.78,0.78,0.78,0.78,0.78,0.78,0.78,0.78,0.78,0.78
BLD1PRE,,,PSZ-AC_2:2_HEATC,0.78,0.78,0.78,0.78,0.78,0.78,0.78,0.78,0.78,0.78,0.78,0.78,0.78,0.78,0.78,0.78
BLD1PRE,,,HVAC Control - Economizer,,,,,,,,,,,,,,,,
BLD1PRE,,,PSZ-AC_1:1,NoEconomizer,NoEconomizer,DifferentialDryBulb,NoEconomizer,DifferentialDryBulb,DifferentialDryBulb,DifferentialDryBulb,NoEconomizer,DifferentialDryBulb,DifferentialDryBulb,DifferentialDryBulb,DifferentialDryBulb,DifferentialDryBulb,DifferentialDryBulb,DifferentialDryBulb,DifferentialDryBulb
BLD1PRE,,,PSZ-AC_2:2,NoEconomizer,NoEconomizer,NoEconomizer,NoEconomizer,DifferentialDryBulb,DifferentialDryBulb,NoEconomizer,NoEconomizer,DifferentialDryBulb,NoEconomizer,NoEconomizer,DifferentialDryBulb,NoEconomizer,DifferentialDryBulb,NoEconomizer,NoEconomizer
BLD1PRE,Fan,,Fan Max Flow Rate (m3/s ),6.98,7.13,7.36,7.2,6.55,7.34,6.11,6.82,7.31,6.36,6.5,6.77,6.48,6.62,6.27,7.53
BLD1PRE,,,DINING EXHAUST FAN,1.83,1.83,1.83,1.83,1.83,1.83,1.83,1.83,1.83,1.83,1.83,1.83,1.83,1.83,1.83,1.83
BLD1PRE,,,KITCHEN EXHAUST FAN,0.06,0.06,0.06,0.06,0.06,0.06,0.06,0.06,0.06,0.06,0.06,0.06,0.06,0.06,0.06,0.06
BLD1PRE,,,PSZ-AC_1:1_FAN,4.1,4.22,4.39,4.28,3.82,4.38,3.52,4.01,4.36,3.69,3.64,3.9,3.5,3.57,3.21,4.09
BLD1PRE,,,PSZ-AC_2:2_FAN,0.99,1.02,1.08,1.03,0.84,1.07,0.7,0.92,1.06,0.78,0.97,0.98,1.09,1.16,1.17,1.55
BLD1PRE,,Utility Costs,,,,,,,,,,,,,,,,,
BLD1PRE,,,Electric Utility Rates,,,,,,,,,,,,,,,,
BLD1PRE,,,Average Annual Rate ($/kWh),0.07728,0.10745,0.09469,0.10288,0.12397,0.09418,0.14437,0.06629,0.03743,0.06970,0.05182,0.03745,0.05215,0.06802,0.05082,0.08646
BLD1PRE,,,Total Cost ($/m2),69.34,90.73,81.96,80.04,86.9,77.52,97.42,49.56,28.16,47.68,37.19,26.9,34.69,47.35,32.56,60.88
BLD1PRE,,,Gas Utility Rates,,,,,,,,,,,,,,,,
BLD1PRE,,,Average Annual Rate ($/MJ),0.01147,0.00818,0.00857,0.01055,0.00842,0.00810,0.00844,0.00996,0.00713,0.00832,0.00870,0.00712,0.00793,0.00853,0.00792,0.00416
BLD1PRE,,,Total Cost ($/m2),21.95,19.53,19.02,30.15,18.84,20.15,23.67,35.77,21.85,28.85,36.45,25.69,39.18,37,45.38,31.45
BLD1PRE,,,Total Utility Costs,,,,,,,,,,,,,,,,
BLD1PRE,,,Cost Intensity ($/m2),91.28,110.26,100.98,110.19,105.74,97.67,121.09,85.33,50,76.53,73.63,52.59,73.87,84.35,77.94,92.33
BLD1PRE,,Energy - End Uses,,,,,,,,,,,,,,,,,
BLD1PRE,,,Electricity (kWh),,,,,,,,,,,,,,,,
BLD1PRE,,,Heating,0.00,0.00,0.00,0.00,0.00,0.00,0.00,0.00,0.00,0.00,0.00,0.00,0.00,0.00,0.00,0.00
BLD1PRE,,,Cooling,"106,444.44","77,786.11","86,311.11","43,188.89","11,755.56","64,558.33","4,255.56","31,841.67","28,213.89","5,688.89","20,458.33","17,144.44","16,138.89","9,241.67","5,497.22","2,480.56"
BLD1PRE,,,Interior Lighting,"80,500.00","80,500.00","80,500.00","80,500.00","80,500.00","80,500.00","80,500.00","80,500.00","80,500.00","80,500.00","80,500.00","80,500.00","80,500.00","80,500.00","80,500.00","80,500.00"
BLD1PRE,,,Exterior Lighting,"22,216.67","22,177.78","22,172.22","22,208.33","22,202.78","22,183.33","22,158.33","22,180.56","22,177.78","22,144.44","22,150.00","22,155.56","22,169.44","22,141.67","22,136.11","22,002.78"
BLD1PRE,,,Interior Equipment,"166,402.78","166,402.78","166,402.78","166,402.78","166,402.78","166,402.78","166,402.78","166,402.78","166,402.78","166,402.78","166,402.78","166,402.78","166,402.78","166,402.78","166,402.78","166,402.78"
BLD1PRE,,,Exterior Equipment,0.00,0.00,0.00,0.00,0.00,0.00,0.00,0.00,0.00,0.00,0.00,0.00,0.00,0.00,0.00,0.00
BLD1PRE,,,Fans,"64,338.89","66,772.22","69,227.78","68,186.11","60,183.33","69,741.67","55,047.22","64,519.44","70,616.67","58,675.00","61,016.67","64,769.44","38,658.33","61,652.78","37,322.22","73,286.11"
BLD1PRE,,,Refrigeration,"18,711.11","17,941.67","17,855.56","17,183.33","17,261.11","17,313.89","16,569.44","16,672.22","16,594.44","16,244.44","16,327.78","16,202.78","16,158.33","15,886.11","15,636.11","15,241.67"
BLD1PRE,,,Generators,0.00,0.00,0.00,0.00,0.00,0.00,0.00,0.00,0.00,0.00,0.00,0.00,0.00,0.00,0.00,0.00
BLD1PRE,,,Total End Uses,"458,616.67","431,583.33","442,472.22","397,672.22","358,308.33","420,700.00","344,933.33","382,122.22","384,511.11","349,655.56","366,858.33","367,177.78","340,030.56","355,827.78","327,494.44","359,916.67"
BLD1PRE,,,Gas (MJ),,,,,,,,,,,,,,,,
BLD1PRE,,,Heating,"15,000.00","225,450.00","158,220.00","436,910.00","125,570.00","274,510.00","389,790.00","787,850.00","522,630.00","711,350.00","1,071,950.00","777,430.00","1,440,390.00","1,128,160.00","1,813,340.00","2,709,610.00"
BLD1PRE,,,Interior Equipment,"800,920.00","800,920.00","800,920.00","800,920.00","800,920.00","800,920.00","800,920.00","800,920.00","800,920.00","800,920.00","800,920.00","800,920.00","800,920.00","800,920.00","800,920.00","800,920.00"
BLD1PRE,,,Water Systems,"162,420.00","193,490.00","175,620.00","223,430.00","217,630.00","197,140.00","243,250.00","246,970.00","242,510.00","259,220.00","267,630.00","266,550.00","285,480.00","288,730.00","314,930.00","350,570.00"
BLD1PRE,,,Refrigeration,0.00,0.00,0.00,0.00,0.00,0.00,0.00,0.00,0.00,0.00,0.00,0.00,0.00,0.00,0.00,0.00
BLD1PRE,,,Generators,0.00,0.00,0.00,0.00,0.00,0.00,0.00,0.00,0.00,0.00,0.00,0.00,0.00,0.00,0.00,0.00
BLD1PRE,,,Total End Uses,"978,340.00","1,219,860.00","1,134,760.00","1,461,260.00","1,144,110.00","1,272,570.00","1,433,960.00","1,835,740.00","1,566,050.00","1,771,490.00","2,140,500.00","1,844,910.00","2,526,800.00","2,217,810.00","2,929,190.00","3,861,100.00"
BLD1PRE,,,Total Building (MJ),"2,629,350","2,773,550","2,727,660","2,892,880","2,434,020","2,787,090","2,675,720","3,211,380","2,950,290","3,030,250","3,461,200","3,166,750","3,750,910","3,498,790","4,108,170","5,156,790"
BLD1PRE,,Energy - End Use Intensities,,,,,,,,,,,,,,,,,
BLD1PRE,,,Electricity (MJ/m2),,,,,,,,,,,,,,,,
BLD1PRE,,,Heating (elec),0.00,0.00,0.00,0.00,0.00,0.00,0.00,0.00,0.00,0.00,0.00,0.00,0.00,0.00,0.00,0.00
BLD1PRE,,,Cooling (elec),749.68,547.84,607.88,304.18,82.79,454.68,29.97,224.26,198.71,40.07,144.09,120.75,113.67,65.09,38.72,17.47
BLD1PRE,,,Interior Lighting (elec),566.96,566.96,566.96,566.96,566.96,566.96,566.96,566.96,566.96,566.96,566.96,566.96,566.96,566.96,566.96,566.96
BLD1PRE,,,Exterior Lighting (elec),156.47,156.20,156.16,156.41,156.37,156.24,156.06,156.22,156.20,155.96,156.00,156.04,156.14,155.94,155.90,154.96
BLD1PRE,,,Interior Equipment (elec),1171.97,1171.97,1171.97,1171.97,1171.97,1171.97,1171.97,1171.97,1171.97,1171.97,1171.97,1171.97,1171.97,1171.97,1171.97,1171.97
BLD1PRE,,,Exterior Equipment (elec),0.00,0.00,0.00,0.00,0.00,0.00,0.00,0.00,0.00,0.00,0.00,0.00,0.00,0.00,0.00,0.00
BLD1PRE,,,Fans (elec),453.14,470.27,487.57,480.23,423.87,491.19,387.69,454.41,497.35,413.24,429.74,456.17,272.27,434.22,262.86,516.15
BLD1PRE,,,Refrigeration (elec),131.78,126.36,125.76,121.02,121.57,121.94,116.70,117.42,116.87,114.41,115.00,114.12,113.80,111.88,110.12,107.35
BLD1PRE,,,Generators (elec),0.00,0.00,0.00,0.00,0.00,0.00,0.00,0.00,0.00,0.00,0.00,0.00,0.00,0.00,0.00,0.00
BLD1PRE,,,Total End Uses,3230.01,3039.62,3116.31,2800.78,2523.54,2962.97,2429.35,2691.26,2708.09,2462.60,2583.76,2586.01,2394.82,2506.07,2306.52,2534.87
BLD1PRE,,,Gas (MJ/m2),,,,,,,,,,,,,,,,
BLD1PRE,,,Heating (gas),29.35,441.06,309.54,854.76,245.66,537.04,762.57,1541.33,1022.46,1391.67,2097.13,1520.94,2817.94,2207.10,3547.57,5301.01
BLD1PRE,,,Interior Equipment (gas),1566.90,1566.90,1566.90,1566.90,1566.90,1566.90,1566.90,1566.90,1566.90,1566.90,1566.90,1566.90,1566.90,1566.90,1566.90,1566.90
BLD1PRE,,,Water Systems (gas),317.75,378.54,343.58,437.11,425.77,385.68,475.89,483.17,474.44,507.13,523.58,521.47,558.51,564.86,616.12,685.85
BLD1PRE,,,Total End Uses,1914.00,2386.50,2220.01,2858.77,2238.31,2489.62,2805.36,3591.39,3063.78,3465.70,4187.62,3609.33,4943.36,4338.86,5730.59,7553.75
BLD1PRE,,,Total Building (MJ/m2),5143.99,5426.10,5336.32,5659.55,4761.85,5452.59,5234.71,6282.66,5771.87,5928.30,6771.40,6195.34,7338.18,6844.94,8037.11,10088.60
BLD1PRE,,Peak Energy Demand,,,,,,,,,,,,,,,,,
BLD1PRE,,,Electricity Peak Demand (kW),,,,,,,,,,,,,,,,
BLD1PRE,,,Jan,73.41,69.11,63.35,56.09,65.20,54.53,52.63,53.71,54.44,53.02,53.07,53.64,50.02,53.09,49.78,55.79
BLD1PRE,,,Feb,75.75,65.88,67.40,57.40,64.90,55.33,54.80,53.60,54.48,53.02,53.03,53.59,49.98,53.21,49.80,54.27
BLD1PRE,,,Mar,75.49,71.66,76.42,62.21,62.21,61.95,52.60,61.85,56.16,53.00,53.93,61.19,50.05,53.16,49.77,54.31
BLD1PRE,,,Apr,79.10,78.38,79.53,68.53,68.21,76.51,56.54,60.70,67.47,53.47,52.87,59.66,53.47,51.57,46.38,54.21
BLD1PRE,,,May,83.63,87.72,96.67,79.66,64.96,86.16,59.00,71.06,74.41,58.78,68.68,68.22,74.31,61.33,54.20,53.29
BLD1PRE,,,Jun,86.82,88.20,105.07,83.07,61.66,102.11,60.08,86.74,81.34,63.24,80.17,77.18,76.65,73.26,63.51,65.56
BLD1PRE,,,Jul,86.14,90.66,101.60,91.09,65.86,99.74,69.87,87.84,85.14,65.81,83.02,77.39,77.66,73.74,70.82,66.71
BLD1PRE,,,Aug,87.37,89.94,103.20,86.28,72.87,96.78,64.02,87.00,78.63,64.67,81.61,77.67,76.60,71.72,66.82,62.74
BLD1PRE,,,Sep,85.17,87.86,94.54,77.98,79.12,90.71,71.41,73.37,72.44,78.08,70.34,72.65,59.98,67.99,54.75,54.45
BLD1PRE,,,Oct,83.71,80.97,79.21,70.95,70.03,76.86,60.02,69.76,67.75,57.86,62.04,65.26,57.01,57.64,54.61,54.41
BLD1PRE,,,Nov,79.27,74.70,72.91,58.75,64.94,58.55,52.84,62.06,54.50,53.46,61.69,53.65,50.19,53.17,49.90,54.31
BLD1PRE,,,Dec,72.94,72.50,61.35,55.29,66.33,57.23,52.64,53.69,54.41,53.00,53.09,53.58,50.02,53.09,49.78,55.91
BLD1PRE,,,Time of Peak Electrical Demand,,,,,,,,,,,,,,,,
BLD1PRE,,,Jan,06-JAN-12:00,03-JAN-12:15,28-JAN-18:15,23-JAN-18:15,26-JAN-12:00,19-JAN-16:00,15-JAN-17:15,09-JAN-07:30,25-JAN-17:30,14-JAN-07:45,18-JAN-07:15,27-JAN-17:15,16-JAN-07:45,10-JAN-07:00,16-JAN-07:45,01-JAN-11:15
BLD1PRE,,,Feb,23-FEB-12:15,22-FEB-18:15,28-FEB-18:30,18-FEB-18:30,12-FEB-12:00,08-FEB-12:00,14-FEB-12:00,15-FEB-17:45,14-FEB-17:45,21-FEB-17:45,27-FEB-18:45,11-FEB-17:30,18-FEB-07:15,02-FEB-17:30,28-FEB-17:00,27-FEB-08:15
BLD1PRE,,,Mar,13-MAR-11:00,25-MAR-17:15,17-MAR-16:15,28-MAR-17:15,30-MAR-11:00,31-MAR-15:00,22-MAR-06:15,09-MAR-18:30,25-MAR-15:45,13-MAR-06:30,14-MAR-17:00,26-MAR-16:30,23-MAR-06:15,09-MAR-18:30,18-MAR-06:15,09-MAR-07:30
BLD1PRE,,,Apr,01-APR-17:15,29-APR-15:15,01-APR-17:15,14-APR-17:15,11-APR-16:15,21-APR-16:15,29-APR-11:00,05-APR-17:15,21-APR-17:15,29-APR-15:15,28-APR-16:15,24-APR-11:00,16-APR-17:15,06-APR-17:15,14-APR-10:15,01-APR-06:15
BLD1PRE,,,May,23-MAY-11:00,26-MAY-17:30,28-MAY-16:00,31-MAY-17:30,29-MAY-11:00,31-MAY-16:15,09-MAY-11:00,31-MAY-16:15,31-MAY-17:15,15-MAY-16:00,30-MAY-17:15,23-MAY-17:15,27-MAY-15:15,16-MAY-17:15,31-MAY-17:15,30-MAY-17:15
BLD1PRE,,,Jun,26-JUN-10:00,13-JUN-17:30,08-JUN-15:00,19-JUN-17:15,28-JUN-11:00,27-JUN-15:00,16-JUN-11:00,30-JUN-16:00,19-JUN-17:15,27-JUN-17:15,08-JUN-11:00,28-JUN-11:00,29-JUN-17:30,30-JUN-15:00,14-JUN-17:30,20-JUN-17:00
BLD1PRE,,,Jul,13-JUL-11:00,30-JUL-15:30,19-JUL-16:00,03-JUL-16:30,29-JUL-10:15,24-JUL-16:15,02-JUL-15:15,25-JUL-10:00,31-JUL-17:30,24-JUL-17:00,14-JUL-11:00,17-JUL-16:15,13-JUL-17:00,21-JUL-16:00,06-JUL-17:30,29-JUL-17:00
BLD1PRE,,,Aug,21-AUG-15:30,27-AUG-16:15,01-AUG-16:00,17-AUG-11:00,08-AUG-11:00,04-AUG-16:15,15-AUG-11:00,17-AUG-15:15,01-AUG-17:15,18-AUG-17:30,04-AUG-16:30,30-AUG-11:00,25-AUG-17:15,09-AUG-17:15,11-AUG-17:30,15-AUG-17:15
BLD1PRE,,,Sep,06-SEP-11:00,16-SEP-11:00,12-SEP-17:15,11-SEP-11:00,24-SEP-10:00,01-SEP-11:00,28-SEP-15:30,05-SEP-11:00,20-SEP-16:00,02-SEP-15:00,06-SEP-11:15,02-SEP-15:15,14-SEP-11:00,01-SEP-17:15,08-SEP-17:00,19-SEP-06:30
BLD1PRE,,,Oct,07-OCT-17:00,29-OCT-15:15,24-OCT-17:45,12-OCT-15:00,19-OCT-10:00,03-OCT-17:30,16-OCT-17:30,20-OCT-17:30,12-OCT-17:45,17-OCT-17:30,31-OCT-17:15,05-OCT-16:15,08-OCT-17:45,05-OCT-17:00,07-OCT-17:45,04-OCT-06:00
BLD1PRE,,,Nov,01-NOV-17:45,27-NOV-18:15,12-NOV-17:30,19-NOV-17:30,20-NOV-12:00,10-NOV-12:00,02-NOV-17:30,04-NOV-17:15,09-NOV-17:15,04-NOV-17:30,02-NOV-17:30,04-NOV-16:00,03-NOV-06:30,21-NOV-18:00,08-NOV-18:45,14-NOV-07:00
BLD1PRE,,,Dec,15-DEC-18:15,02-DEC-18:30,11-DEC-17:30,26-DEC-17:45,19-DEC-12:00,05-DEC-12:00,03-DEC-17:45,23-DEC-07:15,08-DEC-16:00,31-DEC-07:45,12-DEC-16:45,21-DEC-16:45,02-DEC-07:15,29-DEC-08:15,26-DEC-07:30,18-DEC-11:15
BLD1PRE,,Source Energy,,,,,,,,,,,,,,,,,
BLD1PRE,,,Total Source Energy (GJ),"6,545","6,975","6,278","6,412","5,242","6,807","5,409","6,924","6,303","4,127","7,021","6,401","6,967","6,875","7,251","8,845"
BLD1PRE,,,Total Source Energy (MJ/m2),"12,804","13,646","12,281","12,544","10,255","13,317","10,582","13,546","12,331","8,074","13,735","12,522","13,629","13,449","14,185","17,303"
BLD1PRE,,Water Consumption (m3),,,,,,,,,,,,,,,,,
BLD1PRE,,,Cooling,0.00,0.00,0.00,0.00,0.00,0.00,0.00,0.00,0.00,0.00,0.00,0.00,0.00,0.00,0.00,0.00
BLD1PRE,,,Heat Rejection,0.00,0.00,0.00,0.00,0.00,0.00,0.00,0.00,0.00,0.00,0.00,0.00,0.00,0.00,0.00,0.00
BLD1PRE,,,Water Systems,"1,377.36","1,377.36","1,377.36","1,377.36","1,377.36","1,377.36","1,377.36","1,377.36","1,377.36","1,377.36","1,377.36","1,377.36","1,377.36","1,377.36","1,377.36","1,377.36"
BLD1PRE,,,Total Building,"1,377.36","1,377.36","1,377.36","1,377.36","1,377.36","1,377.36","1,377.36","1,377.36","1,377.36","1,377.36","1,377.36","1,377.36","1,377.36","1,377.36","1,377.36","1,377.36"
BLD1PRE,,Emissions,,,,,,,,,,,,,,,,,
BLD1PRE,,,Carbon Equivalent (kg),"143,417.21","165,956.36","154,034.57","148,848.06","62,505.47","164,839.65","66,169.26","136,220.91","185,311.78","57,411.72","234,189.87","183,260.10","161,955.44","170,026.04","164,920.22","170,901.86"
BLD1PRE,,,CO2 (kg),"342,210.45","424,789.00","373,241.46","354,152.15","171,404.82","402,373.27","182,333.07","326,886.64","447,583.40","152,790.87","562,801.23","445,614.21","399,971.86","417,987.48","411,043.05","454,860.76"
BLD1PRE,,,NOX (kg),559.91,532.51,584.59,605.97,149.79,611.33,159.93,549.18,716.22,180.99,922.98,700.47,609.16,641.76,610.14,500.46
BLD1PRE,,,SO2 (kg),"1,963.32","2,058.98","1,779.58","1,396.22","1,042.94","2,314.53","1,004.10","1,395.39","1,679.50",270.73,"2,472.91","1,603.89",803.21,950.70,773.72,"1,833.15"
BLD1PRE,,,PM (kg),0.00,0.00,0.00,0.00,0.00,0.00,0.00,0.00,0.00,0.00,0.00,0.00,0.00,0.00,0.00,0.00
BLD1PRE,,,Hg (kg),0.0091,0.0059,0.0049,0.0053,0.0006,0.0045,0.0006,0.0058,0.0067,0.0012,0.0077,0.0064,0.0061,0.0068,0.0060,0.0066
BLD1PRE,,,Water for Electricity (m3),242.96,702.24,"13,143.40","2,482.90","6,291.10","11,541.50","6,056.28",86.76,"1,745.98","3,572.37",569.16,"1,667.28",527.54,"22,539.60",508.09,367.72
BLD1PST,,Fabric,,,,,,,,,,,,,,,,,
BLD1PST,,,Exterior walls,,,,,,,,,,,,,,,,
BLD1PST,TypeWall,,Construction Type,SteelFrame,SteelFrame,SteelFrame,SteelFrame,SteelFrame,SteelFrame,SteelFrame,SteelFrame,SteelFrame,SteelFrame,SteelFrame,SteelFrame,SteelFrame,SteelFrame,SteelFrame,SteelFrame
BLD1PST,RvalWall,,R-value (m2·K / W),0.32,1.17,0.73,1.36,0.80,1.10,1.36,1.98,1.76,1.92,2.15,2.15,2.71,2.44,3.04,3.91
BLD1PST,,,Roof,,,,,,,,,,,,,,,,
BLD1PST,TypeRoof,,Construction Type,Attic,Attic,Attic,Attic,Attic,Attic,Attic,Attic,Attic,Attic,Attic,Attic,Attic,Attic,Attic,Attic
BLD1PST,RvalRoof,,R-value attic floor (m2·K / W),2.38,2.67,3.83,2.45,1.76,3.67,2.00,3.04,2.99,2.75,3.32,3.45,3.91,3.59,4.40,5.68
BLD1PST,,,Window,,,,,,,,,,,,,,,,
BLD1PST,Uwindow,,U-Factor (W / m2·K),5.84,5.84,5.84,4.09,5.84,5.84,4.09,3.35,4.09,4.09,3.35,3.35,2.96,2.96,2.96,2.96
BLD1PST,SHGC,,SHGC,0.25,0.25,0.25,0.26,0.44,0.25,0.39,0.36,0.36,0.39,0.39,0.39,0.39,0.39,0.49,0.62
BLD1PST,,,Visible transmittance,0.11,0.11,0.11,0.13,0.27,0.11,0.25,0.27,0.23,0.25,0.31,0.31,0.31,0.31,0.41,0.54
BLD1PST,,,Foundation,,,,,,,,,,,,,,,,
BLD1PST,,,Foundation Type,Mass Floor,Mass Floor,Mass Floor,Mass Floor,Mass Floor,Mass Floor,Mass Floor,Mass Floor,Mass Floor,Mass Floor,Mass Floor,Mass Floor,Mass Floor,Mass Floor,Mass Floor,Mass Floor
BLD1PST,,,Construction,4in slab-on-grade,4in slab-on-grade,4in slab-on-grade,4in slab-on-grade,4in slab-on-grade,4in slab-on-grade,4in slab-on-grade,4in slab-on-grade,4in slab-on-grade,4in slab-on-grade,4in slab-on-grade,4in slab-on-grade,4in slab-on-grade,4in slab-on-grade,4in slab-on-grade,4in slab-on-grade
BLD1PST,,,R-value (m2·K / W),0.32,0.32,0.32,0.32,0.32,0.32,0.32,0.32,0.32,0.32,0.32,0.32,0.32,0.32,0.32,0.32
BLD1PST,,HVAC,,,,,,,,,,,,,,,,,
BLD1PST,,,HVAC Sizing,,,,,,,,,,,,,,,,
BLD1PST,HVAC,,Air Conditioning (kW),119.74,106.52,106.51,107.40,107.42,104.22,68.73,98.12,90.77,77.39,97.47,85.17,94.69,69.38,89.33,56.64
BLD1PST,,,PSZ-AC_1:1_COOLC DXCOIL,93.47,84.64,84.15,85.05,87.80,83.00,57.53,78.25,72.97,64.32,77.84,69.32,75.66,55.63,72.00,45.06
BLD1PST,,,PSZ-AC_2:2_COOLC DXCOIL,26.27,21.89,22.36,22.35,19.62,21.23,11.20,19.87,17.79,13.07,19.63,15.84,19.04,13.75,17.33,11.58
BLD1PST,HEAT,,Heating (kW),169.55,198.56,169.94,213.71,159.24,178.71,154.64,224.16,194.43,187.59,258.80,222.61,274.94,258.16,272.38,332.46
BLD1PST,,,PSZ-AC_1:1_HEATC,128.59,153.51,131.10,164.09,127.42,138.86,126.52,175.05,147.84,150.01,202.11,169.69,215.54,199.51,217.03,263.75
BLD1PST,,,PSZ-AC_2:2_HEATC,40.96,45.05,38.83,49.63,31.82,39.85,28.12,49.10,46.59,37.58,56.69,52.92,59.40,58.65,55.35,68.71
BLD1PST,,,HVAC Efficiency,,,,,,,,,,,,,,,,
BLD1PST,COP,,Air Conditioning (COP),3.289233291,3.28547401,3.286684236,3.286193316,3.279318242,3.284990649,3.360271009,3.284668831,3.316255845,3.362484857,3.284382414,3.368830619,3.318452755,3.373326858,3.31535896,3.375643347
BLD1PST,,,PSZ-AC_1:1_COOLC DXCOIL,3.23,3.23,3.23,3.23,3.23,3.23,3.3,3.23,3.23,3.3,3.23,3.3,3.23,3.3,3.23,3.3
BLD1PST,,,PSZ-AC_2:2_COOLC DXCOIL,3.5,3.5,3.5,3.5,3.5,3.5,3.67,3.5,3.67,3.67,3.5,3.67,3.67,3.67,3.67,3.67
BLD1PST,EffHeat,,Heating Efficiency (%),0.78,0.78,0.78,0.78,0.78,0.78,0.78,0.78,0.78,0.78,0.78,0.78,0.78,0.78,0.78,0.78
BLD1PST,,,PSZ-AC_1:1_HEATC,0.78,0.78,0.78,0.78,0.78,0.78,0.78,0.78,0.78,0.78,0.78,0.78,0.78,0.78,0.78,0.78
BLD1PST,,,PSZ-AC_2:2_HEATC,0.80,0.80,0.80,0.80,0.80,0.80,0.80,0.80,0.80,0.80,0.80,0.80,0.80,0.80,0.80,0.78
BLD1PST,,,HVAC Control - Economizer,,,,,,,,,,,,,,,,
BLD1PST,,,PSZ-AC_1:1_FAN,NoEconomizer,NoEconomizer,DifferentialDryBulb,NoEconomizer,DifferentialDryBulb,DifferentialDryBulb,DifferentialDryBulb,NoEconomizer,DifferentialDryBulb,DifferentialDryBulb,DifferentialDryBulb,DifferentialDryBulb,DifferentialDryBulb,DifferentialDryBulb,DifferentialDryBulb,DifferentialDryBulb
BLD1PST,,,PSZ-AC_2:2_FAN,NoEconomizer,NoEconomizer,NoEconomizer,NoEconomizer,DifferentialDryBulb,DifferentialDryBulb,NoEconomizer,NoEconomizer,NoEconomizer,NoEconomizer,NoEconomizer,NoEconomizer,NoEconomizer,NoEconomizer,NoEconomizer,NoEconomizer
BLD1PST,Fan,,Fan Max Flow Rate (m3/s ),6.71,6.18,6.18,6.21,6.22,6.08,5.52,5.84,6.44,5.63,5.81,6.22,5.71,5.93,5.49,5.31
BLD1PST,,,DINING EXHAUST FAN,1.83,1.83,1.83,1.83,1.83,1.83,1.83,1.83,1.83,1.83,1.83,1.83,1.83,1.83,1.83,1.83
BLD1PST,,,KITCHEN EXHAUST FAN,0.06,0.06,0.06,0.06,0.06,0.06,0.06,0.06,0.06,0.06,0.06,0.06,0.06,0.06,0.06,0.06
BLD1PST,,,PSZ-AC_1:1_FAN,3.76,3.41,3.39,3.42,3.54,3.34,3,3.15,3.59,3.03,3.13,3.42,3.05,3.21,2.9,2.72
BLD1PST,,,PSZ-AC_2:2_FAN,1.06,0.88,0.9,0.9,0.79,0.85,0.63,0.8,0.96,0.71,0.79,0.91,0.77,0.83,0.7,0.7
BLD1PST,,Utility Costs,,,,,,,,,,,,,,,,,
BLD1PST,,,Electric Utility Rates,,,,,,,,,,,,,,,,
BLD1PST,,,Average Annual Rate ($/kWh),0.07708,0.10688,0.09544,0.10345,0.12366,0.09401,0.14434,0.06625,0.03745,0.07224,0.05207,0.03750,0.05176,0.06803,0.05071,0.08712
BLD1PST,,,Total Cost ($/m2),68.19,80.73,73.13,71.98,85.61,68.36,89.87,44.48,27.08,45.22,34.09,24.58,33.56,43.43,31.68,53.65
BLD1PST,,,Gas Utility Rates,,,,,,,,,,,,,,,,
BLD1PST,,,Average Annual Rate ($/MJ),0.01147,0.00819,0.00857,0.01058,0.00841,0.00810,0.00843,0.00998,0.00715,0.00832,0.00874,0.00713,0.00793,0.00857,0.00793,0.00417
BLD1PST,,,Total Cost ($/m2),21.99,19.36,19.04,29.57,18.53,20.02,23.58,34.08,20.53,28.1,34.35,24.43,35.29,34.89,40.31,28.45
BLD1PST,,,Total Utility Costs,,,,,,,,,,,,,,,,
BLD1PST,,,Cost Intensity ($/m2),90.17,100.09,92.17,101.55,104.14,88.39,113.45,78.56,47.61,73.32,68.44,49.01,68.85,78.31,71.98,82.1
BLD1PST,,Energy - End Uses,,,,,,,,,,,,,,,,,
BLD1PST,,,Electricity (kWh),,,,,,,,,,,,,,,,
BLD1PST,,,Heating,0.00,0.00,0.00,0.00,0.00,0.00,0.00,0.00,0.00,0.00,0.00,0.00,0.00,0.00,0.00,0.00
BLD1PST,,,Cooling,"103,127.78","64,413.89","70,072.22","34,358.33","11,572.22","51,372.22","3,163.89","25,441.67","25,677.78","4,316.67","17,397.22","14,694.44","15,097.22","8,519.44","5,141.67","2,033.33"
BLD1PST,,,Interior Lighting,"80,500.00","80,500.00","80,500.00","80,500.00","80,500.00","80,500.00","80,500.00","80,500.00","80,500.00","80,500.00","80,500.00","80,500.00","80,500.00","80,500.00","80,500.00","80,500.00"
BLD1PST,,,Exterior Lighting,"22,216.67","22,177.78","22,172.22","22,208.33","22,202.78","22,183.33","22,158.33","22,180.56","22,177.78","22,144.44","22,150.00","22,155.56","22,169.44","22,141.67","22,136.11","22,002.78"
BLD1PST,,,Interior Equipment,"166,402.78","166,402.78","166,402.78","166,402.78","166,402.78","166,402.78","166,402.78","166,402.78","166,402.78","166,402.78","166,402.78","166,402.78","166,402.78","166,402.78","166,402.78","166,402.78"
BLD1PST,,,Exterior Equipment,0.00,0.00,0.00,0.00,0.00,0.00,0.00,0.00,0.00,0.00,0.00,0.00,0.00,0.00,0.00,0.00
BLD1PST,,,Fans,"61,208.33","34,538.89","34,541.67","34,827.78","55,802.78","33,791.67","29,300.00","31,811.11","58,000.00","30,183.33","31,636.11","34,852.78","30,825.00","32,633.33","29,247.22","28,330.56"
BLD1PST,,,Refrigeration,"18,741.67","18,050.00","17,972.22","17,333.33","17,369.44","17,458.33","16,725.00","16,861.11","16,805.56","16,438.89","16,527.78","16,438.89","16,377.78","16,116.67","15,883.33","15,508.33"
BLD1PST,,,Generators,0.00,0.00,0.00,0.00,0.00,0.00,0.00,0.00,0.00,0.00,0.00,0.00,0.00,0.00,0.00,0.00
BLD1PST,,,Total End Uses,"452,197.22","386,086.11","391,663.89","355,633.33","353,855.56","371,711.11","318,252.78","343,200.00","369,566.67","319,986.11","334,616.67","335,047.22","331,372.22","326,313.89","319,313.89","314,780.56"
BLD1PST,,,Gas (MJ),,,,,,,,,,,,,,,,
BLD1PST,,,Heating,"12,500.00","209,590.00","154,640.00","398,730.00","101,670.00","260,120.00","379,000.00","691,280.00","418,030.00","659,640.00","934,730.00","676,260.00","1,180,050.00","984,610.00","1,475,190.00","2,327,680.00"
BLD1PST,,,Interior Equipment,"800,920.00","800,920.00","800,920.00","800,920.00","800,920.00","800,920.00","800,920.00","800,920.00","800,920.00","800,920.00","800,920.00","800,920.00","800,920.00","800,920.00","800,920.00","800,920.00"
BLD1PST,,,Water Systems,"166,550.00","198,430.00","180,100.00","229,140.00","223,190.00","202,170.00","249,470.00","253,280.00","248,710.00","265,850.00","274,470.00","273,370.00","292,790.00","296,110.00","322,990.00","359,540.00"
BLD1PST,,,Total End Uses,"979,980.00","1,208,940.00","1,135,670.00","1,428,800.00","1,125,780.00","1,263,210.00","1,429,390.00","1,745,480.00","1,467,660.00","1,726,420.00","2,010,130.00","1,750,550.00","2,273,760.00","2,081,640.00","2,599,100.00","3,488,150.00"
BLD1PST,,,Total Building (MJ),"2,607,890","2,598,850","2,545,660","2,709,080","2,399,650","2,601,370","2,575,100","2,981,010","2,798,090","2,878,370","3,214,750","2,956,710","3,466,700","3,256,370","3,748,630","4,621,360"
BLD1PST,,Energy - End Use Intensities,,,,,,,,,,,,,,,,,
BLD1PST,,,Electricity (MJ/m2),,,,,,,,,,,,,,,,
BLD1PST,,,Heating (elec),0.00,0.00,0.00,0.00,0.00,0.00,0.00,0.00,0.00,0.00,0.00,0.00,0.00,0.00,0.00,0.00
BLD1PST,,,Cooling (elec),726.32,453.66,493.51,241.98,81.50,361.81,22.28,179.18,180.85,30.40,122.53,103.49,106.33,60.00,36.21,14.32
BLD1PST,,,Interior Lighting (elec),566.96,566.96,566.96,566.96,566.96,566.96,566.96,566.96,566.96,566.96,566.96,566.96,566.96,566.96,566.96,566.96
BLD1PST,,,Exterior Lighting (elec),156.47,156.20,156.16,156.41,156.37,156.24,156.06,156.22,156.20,155.96,156.00,156.04,156.14,155.94,155.90,154.96
BLD1PST,,,Interior Equipment (elec),1171.97,1171.97,1171.97,1171.97,1171.97,1171.97,1171.97,1171.97,1171.97,1171.97,1171.97,1171.97,1171.97,1171.97,1171.97,1171.97
BLD1PST,,,Exterior Equipment (elec),0.00,0.00,0.00,0.00,0.00,0.00,0.00,0.00,0.00,0.00,0.00,0.00,0.00,0.00,0.00,0.00
BLD1PST,,,Fans (elec),431.09,243.26,243.27,245.29,393.02,237.99,206.36,224.04,408.49,212.58,222.81,245.47,217.10,229.83,205.99,199.53
BLD1PST,,,Refrigeration (elec),132.00,127.13,126.58,122.08,122.33,122.96,117.79,118.75,118.36,115.78,116.40,115.78,115.35,113.51,111.87,109.22
BLD1PST,,,Generators (elec),0.00,0.00,0.00,0.00,0.00,0.00,0.00,0.00,0.00,0.00,0.00,0.00,0.00,0.00,0.00,0.00
BLD1PST,,,Total End Uses,3184.80,2719.18,2758.47,2504.71,2492.18,2617.94,2241.44,2417.14,2602.84,2253.64,2356.69,2359.72,2333.84,2298.21,2248.91,2216.98
BLD1PST,,,Gas (MJ/m2),,,,,,,,,,,,,,,,
BLD1PST,,,Heating (gas),24.45,410.04,302.53,780.06,198.90,508.89,741.47,1352.40,817.82,1290.50,1828.68,1323.02,2308.62,1926.26,2886.02,4553.81
BLD1PST,,,Interior Equipment (gas),1566.90,1566.90,1566.90,1566.90,1566.90,1566.90,1566.90,1566.90,1566.90,1566.90,1566.90,1566.90,1566.90,1566.90,1566.90,1566.90
BLD1PST,,,Water Systems (gas),325.83,388.20,352.34,448.28,436.64,395.52,488.06,495.51,486.57,520.10,536.97,534.81,572.81,579.30,631.89,703.39
BLD1PST,,,Total End Uses,1917.21,2365.14,2221.79,2795.27,2202.45,2471.31,2796.42,3414.81,2871.29,3377.52,3932.56,3424.73,4448.32,4072.46,5084.81,6824.12
BLD1PST,,,Total Building (MJ/m2),5102.01,5084.32,4980.26,5299.97,4694.61,5089.25,5037.86,5831.97,5474.11,5631.17,6289.25,5784.43,6782.16,6370.67,7333.72,9041.10
BLD1PST,,Peak Energy Demand,,,,,,,,,,,,,,,,,
BLD1PST,,,Electricity Peak Demand (kW),,,,,,,,,,,,,,,,
BLD1PST,,,Jan,72.06,61.66,56.91,51.35,63.39,49.73,49.12,49.50,53.44,49.23,49.36,50.29,49.16,49.45,48.91,50.25
BLD1PST,,,Feb,74.17,59.76,60.14,52.26,62.99,49.92,51.35,49.40,54.30,49.21,49.33,49.80,49.13,49.53,48.94,48.69
BLD1PST,,,Mar,73.99,63.58,66.50,54.91,60.37,53.71,49.09,56.59,54.48,49.21,50.38,54.29,49.19,49.49,48.90,48.73
BLD1PST,,,Apr,77.60,68.68,69.13,60.40,66.14,66.80,50.56,53.95,63.31,48.31,47.95,53.61,51.69,48.32,45.48,48.66
BLD1PST,,,May,80.97,76.72,82.42,70.25,62.47,73.71,52.83,62.77,69.12,52.52,61.90,60.57,69.15,55.31,52.28,48.08
BLD1PST,,,Jun,84.38,77.18,89.03,72.25,59.81,85.93,54.01,75.29,75.30,56.45,72.15,68.17,71.57,65.98,60.47,56.83
BLD1PST,,,Jul,83.50,78.79,86.49,79.03,63.87,84.13,62.23,76.37,77.49,59.03,74.48,68.05,72.04,66.19,66.69,57.85
BLD1PST,,,Aug,84.61,78.48,87.73,75.12,70.20,81.95,57.04,75.53,73.11,57.66,73.22,68.69,71.52,64.63,63.49,54.66
BLD1PST,,,Sep,82.59,76.91,81.45,67.72,75.65,77.77,63.47,64.15,67.59,68.05,63.19,63.74,57.71,61.21,53.85,48.85
BLD1PST,,,Oct,82.12,72.84,70.67,63.57,67.78,68.48,55.81,63.37,65.25,53.67,57.50,57.84,55.71,54.42,53.62,48.81
BLD1PST,,,Nov,78.04,68.54,64.83,53.09,63.05,51.47,49.55,56.84,55.24,49.77,57.29,50.79,49.51,49.53,49.03,48.72
BLD1PST,,,Dec,71.98,66.53,55.08,51.05,64.38,50.17,49.13,49.49,52.98,49.21,49.38,49.79,49.16,49.45,48.91,50.33
BLD1PST,,,Time of Peak Electrical Demand,,,,,,,,,,,,,,,,
BLD1PST,,,Jan,06-JAN-12:15,20-JAN-18:15,28-JAN-18:15,23-JAN-18:15,26-JAN-12:00,18-JAN-16:00,15-JAN-17:15,09-JAN-07:30,25-JAN-17:30,14-JAN-07:45,18-JAN-07:15,27-JAN-17:15,16-JAN-07:45,10-JAN-07:00,16-JAN-07:45,01-JAN-11:15
BLD1PST,,,Feb,23-FEB-12:15,22-FEB-18:15,28-FEB-18:30,18-FEB-18:30,12-FEB-12:00,08-FEB-17:15,15-FEB-18:15,15-FEB-17:45,14-FEB-17:45,21-FEB-18:15,27-FEB-18:45,11-FEB-17:30,18-FEB-07:15,02-FEB-17:30,28-FEB-17:00,21-FEB-08:30
BLD1PST,,,Mar,13-MAR-11:00,25-MAR-17:30,17-MAR-17:15,28-MAR-17:30,30-MAR-11:00,30-MAR-17:00,22-MAR-06:15,09-MAR-18:00,01-MAR-18:30,13-MAR-06:30,14-MAR-17:00,26-MAR-16:45,23-MAR-06:15,09-MAR-18:30,18-MAR-06:15,09-MAR-07:30
BLD1PST,,,Apr,01-APR-17:15,29-APR-17:15,01-APR-17:15,14-APR-17:15,11-APR-17:15,21-APR-17:15,29-APR-11:00,05-APR-17:15,21-APR-17:15,29-APR-17:15,28-APR-16:15,24-APR-11:00,16-APR-17:15,06-APR-17:15,14-APR-10:15,01-APR-06:15
BLD1PST,,,May,23-MAY-11:00,26-MAY-17:30,28-MAY-16:00,31-MAY-17:30,29-MAY-11:00,31-MAY-17:15,09-MAY-11:00,15-MAY-17:15,31-MAY-17:15,15-MAY-17:15,30-MAY-17:15,23-MAY-17:15,27-MAY-17:15,16-MAY-17:15,31-MAY-17:15,30-MAY-17:15
BLD1PST,,,Jun,26-JUN-10:00,13-JUN-17:30,08-JUN-15:00,19-JUN-17:15,28-JUN-11:00,27-JUN-16:15,16-JUN-11:00,30-JUN-16:00,19-JUN-17:15,27-JUN-17:45,08-JUN-11:00,28-JUN-11:00,29-JUN-17:30,30-JUN-16:15,14-JUN-17:30,20-JUN-17:00
BLD1PST,,,Jul,13-JUL-11:00,30-JUL-15:00,19-JUL-16:00,03-JUL-17:30,29-JUL-10:15,24-JUL-16:15,02-JUL-15:30,25-JUL-10:00,31-JUL-17:30,24-JUL-17:00,14-JUL-11:00,10-JUL-17:30,15-JUL-15:30,21-JUL-16:00,06-JUL-17:00,29-JUL-17:00
BLD1PST,,,Aug,21-AUG-15:30,27-AUG-16:15,01-AUG-16:00,14-AUG-17:15,08-AUG-11:00,04-AUG-16:30,15-AUG-11:00,17-AUG-15:15,01-AUG-17:15,07-AUG-17:15,04-AUG-16:15,30-AUG-11:00,25-AUG-17:15,09-AUG-17:15,11-AUG-17:30,15-AUG-17:15
BLD1PST,,,Sep,06-SEP-11:00,16-SEP-11:00,12-SEP-17:15,05-SEP-17:00,24-SEP-10:00,01-SEP-11:00,28-SEP-15:15,05-SEP-11:00,20-SEP-17:15,02-SEP-15:00,15-SEP-17:00,02-SEP-15:15,14-SEP-11:00,01-SEP-17:15,08-SEP-17:00,19-SEP-06:30
BLD1PST,,,Oct,07-OCT-17:00,29-OCT-17:45,24-OCT-17:45,21-OCT-17:00,19-OCT-10:00,03-OCT-17:30,16-OCT-17:30,20-OCT-17:30,12-OCT-17:45,17-OCT-17:30,31-OCT-17:15,05-OCT-16:15,08-OCT-17:45,05-OCT-17:00,07-OCT-17:45,04-OCT-06:00
BLD1PST,,,Nov,01-NOV-17:45,27-NOV-18:15,12-NOV-17:30,19-NOV-17:30,20-NOV-12:00,10-NOV-16:45,02-NOV-17:00,04-NOV-17:15,01-NOV-17:15,04-NOV-17:00,02-NOV-17:30,04-NOV-17:15,02-NOV-17:15,21-NOV-18:45,08-NOV-18:45,14-NOV-08:30
BLD1PST,,,Dec,15-DEC-18:15,02-DEC-18:00,11-DEC-17:30,04-DEC-18:45,19-DEC-12:00,05-DEC-12:00,03-DEC-17:45,23-DEC-07:15,08-DEC-16:00,31-DEC-07:45,12-DEC-18:45,21-DEC-16:45,02-DEC-07:15,29-DEC-07:00,26-DEC-07:30,18-DEC-11:15
BLD1PST,,Source Energy,,,,,,,,,,,,,,,,,
BLD1PST,,,Total Source Energy (GJ),"6,470","6,368","5,700","5,867","5,172","6,166","5,107","6,324","6,017","3,892","6,467","5,914","6,583","6,357","6,789","7,857"
BLD1PST,,,Total Source Energy (MJ/m2),"12,658","12,459","11,151","11,478","10,118","12,063","9,991","12,373","11,772","7,614","12,651","11,569","12,879","12,436","13,282","15,371"
BLD1PST,,Water Consumption (m3),,,,,,,,,,,,,,,,,
BLD1PST,,,Cooling,0.00,0.00,0.00,0.00,0.00,0.00,0.00,0.00,0.00,0.00,0.00,0.00,0.00,0.00,0.00,0.00
BLD1PST,,,Heat Rejection,0.00,0.00,0.00,0.00,0.00,0.00,0.00,0.00,0.00,0.00,0.00,0.00,0.00,0.00,0.00,0.00
BLD1PST,,,Water Systems,"1,377.36","1,377.36","1,377.36","1,377.36","1,377.36","1,377.36","1,377.36","1,377.36","1,377.36","1,377.36","1,377.36","1,377.36","1,377.36","1,377.36","1,377.36","1,377.36"
BLD1PST,,,Total Building,"1,377.36","1,377.36","1,377.36","1,377.36","1,377.36","1,377.36","1,377.36","1,377.36","1,377.36","1,377.36","1,377.36","1,377.36","1,377.36","1,377.36","1,377.36","1,377.36"
BLD1PST,,Emissions,,,,,,,,,,,,,,,,,
BLD1PST,,,Carbon Equivalent (kg),"141,686.93","150,583.88","138,713.00","135,313.32","61,654.27","148,147.80","62,968.58","124,090.47","177,432.73","54,437.91","214,648.79","168,432.77","154,428.60","156,784.88","156,167.66","151,476.32"
BLD1PST,,,CO2 (kg),"338,220.84","386,140.25","337,218.58","323,070.99","169,059.72","362,750.57","173,769.69","298,631.20","428,232.43","145,309.08","516,346.54","410,113.78","379,955.69","385,807.08","387,389.87","403,615.74"
BLD1PST,,,NOX (kg),552.80,481.94,523.67,547.69,147.73,546.71,152.59,497.82,686.61,170.61,844.59,642.34,584.73,590.79,582.75,442.97
BLD1PST,,,SO2 (kg),"1,935.85","1,841.96","1,575.27","1,248.66","1,029.98","2,045.04",926.46,"1,253.29","1,614.21",247.79,"2,255.59","1,463.55",782.70,871.85,754.33,"1,603.30"
BLD1PST,,,PM (kg),0.00,0.00,0.00,0.00,0.00,0.00,0.00,0.00,0.00,0.00,0.00,0.00,0.00,0.00,0.00,0.00
BLD1PST,,,Hg (kg),0.0089,0.0053,0.0044,0.0047,0.0006,0.0040,0.0006,0.0052,0.0064,0.0012,0.0070,0.0059,0.0060,0.0063,0.0058,0.0058
BLD1PST,,,Water for Electricity (m3),239.56,628.21,"11,634.20","2,220.43","6,212.89","10,197.50","5,587.81",77.92,"1,678.12","3,269.24",519.14,"1,521.38",514.10,"20,670.10",495.40,321.61
BLD1NEW,,Program,,,,,,,,,,,,,,,,,
BLD1NEW,,,ASHRAE 90.1-2004 Climate Zone,1A,2A,2B,3A,3B-CA,3B,3C,4A,4B,4C,5A,5B,6A,6B,7,8
BLD1NEW,,,Available Fuel Types,"gas, electricity","gas, electricity","gas, electricity","gas, electricity","gas, electricity","gas, electricity","gas, electricity","gas, electricity","gas, electricity","gas, electricity","gas, electricity","gas, electricity","gas, electricity","gas, electricity","gas, electricity","gas, electricity"
BLD1NEW,,,Weighting Factor,21.7,254.0,59.1,267.7,,114.2,13.9,305.9,14.0,24.6,344.2,74.7,74.6,9.6,8.8,0.3
BLD1NEW,,Fabric,,,,,,,weighting factor is for all of 3B,,,,,,,,,,
BLD1NEW,,,Exterior walls,,,,,,,,,,,,,,,,
BLD1NEW,TypeWall,,Construction Type,SteelFrame,SteelFrame,SteelFrame,SteelFrame,SteelFrame,SteelFrame,SteelFrame,SteelFrame,SteelFrame,SteelFrame,SteelFrame,SteelFrame,SteelFrame,SteelFrame,SteelFrame,SteelFrame
BLD1NEW,RvalWall,,R-value (m2·K / W),1.42,1.42,1.42,1.42,1.42,1.42,1.42,1.42,1.42,1.42,2.10,2.10,2.10,2.10,2.75,2.75
BLD1NEW,,,Roof,,,,,,,,,,,,,,,,
BLD1NEW,TypeRoof,,Construction Type,Attic,Attic,Attic,Attic,Attic,Attic,Attic,Attic,Attic,Attic,Attic,Attic,Attic,Attic,Attic,Attic
BLD1NEW,RvalRoof,,R-value attic floor (m2·K / W),5.18,5.18,5.18,5.18,5.18,5.18,5.18,5.18,5.18,5.18,5.18,5.18,6.52,6.52,6.52,6.52
BLD1NEW,,,Window,,,,,,,,,,,,,,,,
BLD1NEW,Uwindow,,U-Factor (W / m2·K),5.84,5.84,5.84,3.24,3.24,3.24,5.84,3.24,3.24,3.24,3.24,3.24,3.24,3.24,3.24,2.62
BLD1NEW,SHGC,,SHGC,0.25,0.25,0.25,0.25,0.25,0.25,0.39,0.39,0.39,0.39,0.39,0.39,0.39,0.39,0.49,0.30
BLD1NEW,,,Visible transmittance,0.11,0.11,0.11,0.16,0.16,0.16,0.22,0.31,0.31,0.31,0.31,0.31,0.31,0.31,0.41,0.21
BLD1NEW,,,Skylights/TDD,,,,,,,,,,,,,,,,
BLD1NEW,,,U-Factor (W / m2·K),n/a,n/a,n/a,n/a,n/a,n/a,n/a,n/a,n/a,n/a,n/a,n/a,n/a,n/a,n/a,n/a
BLD1NEW,,,SHGC,n/a,n/a,n/a,n/a,n/a,n/a,n/a,n/a,n/a,n/a,n/a,n/a,n/a,n/a,n/a,n/a
BLD1NEW,,,Visible transmittance,n/a,n/a,n/a,n/a,n/a,n/a,n/a,n/a,n/a,n/a,n/a,n/a,n/a,n/a,n/a,n/a
BLD1NEW,,,Foundation,,,,,,,,,,,,,,,,
BLD1NEW,,,Foundation Type,Mass Floor,Mass Floor,Mass Floor,Mass Floor,Mass Floor,Mass Floor,Mass Floor,Mass Floor,Mass Floor,Mass Floor,Mass Floor,Mass Floor,Mass Floor,Mass Floor,Mass Floor,Mass Floor
BLD1NEW,,,Construction,4in slab-on-grade,4in slab-on-grade,4in slab-on-grade,4in slab-on-grade,4in slab-on-grade,4in slab-on-grade,4in slab-on-grade,4in slab-on-grade,4in slab-on-grade,4in slab-on-grade,4in slab-on-grade,4in slab-on-grade,4in slab-on-grade,4in slab-on-grade,4in slab-on-grade,4in slab-on-grade
BLD1NEW,,,R-value (m2·K / W),0.32,0.32,0.32,0.32,0.32,0.32,0.32,0.32,0.32,0.32,0.32,0.32,0.32,0.32,0.32,0.32
BLD1NEW,,HVAC,,,,,,,,,,,,,,,,,
BLD1NEW,,,HVAC Sizing,,,,,,,,,,,,,,,,
BLD1NEW,HVAC,,Air Conditioning (kW),93.18,93.78,93.18,93.26,76.19,91.48,63.42,90.64,83.80,69.09,89.67,81.35,89.14,67.79,79.92,53.86
BLD1NEW,,,PSZ-AC_1:1_COOLC DXCOIL,74.09,74.70,74.37,73.60,59.01,72.46,53.92,72.25,67.48,57.09,71.52,66.47,71.46,54.62,68.77,44.27
BLD1NEW,,,PSZ-AC_2:2_COOLC DXCOIL,19.09,19.08,18.82,19.66,17.18,19.02,9.50,18.39,16.32,12.00,18.15,14.88,17.67,13.17,11.15,9.59
BLD1NEW,HEAT,,Heating (kW),140.41,183.61,155.08,197.52,135.87,165.55,147.11,214.97,185.04,177.72,248.78,216.04,266.92,252.15,267.60,319.55
BLD1NEW,,,PSZ-AC_1:1_HEATC,110.65,144.34,122.40,153.86,108.02,129.84,121.57,169.52,141.50,143.21,196.38,165.44,211.77,195.95,214.19,262.67
BLD1NEW,,,PSZ-AC_2:2_HEATC,29.76,39.27,32.67,43.66,27.85,35.71,25.54,45.45,43.54,34.51,52.39,50.60,55.15,56.19,53.42,56.88
BLD1NEW,,,HVAC Efficiency,,,,,,,,,,,,,,,,
BLD1NEW,COP,,Air Conditioning (COP),3.320133773,3.31952511,3.318846849,3.286926624,3.383418229,3.321493109,3.355427874,3.319273054,3.37207049,3.364267966,3.319042707,3.367695625,3.317242475,3.371900832,3.351618141,3.36585564
BLD1NEW,,,PSZ-AC_1:1_COOLC DXCOIL,3.23,3.23,3.23,3.23,3.3,3.23,3.3,3.23,3.3,3.3,3.23,3.3,3.23,3.3,3.3,3.3
BLD1NEW,,,PSZ-AC_2:2_COOLC DXCOIL,3.67,3.67,3.67,3.5,3.67,3.67,3.67,3.67,3.67,3.67,3.67,3.67,3.67,3.67,3.67,3.67
BLD1NEW,EffHeat,,Heating Efficiency (%),0.7842388383,0.7842779716,0.7842139887,0.7844204629,0.78409995,0.7843139379,0.7834726824,0.7842287292,0.7847060075,0.7838835213,0.7842121654,0.7846846244,0.784132322,0.7844569655,0.7839922566,0.7835597645
BLD1NEW,,,PSZ-AC_1:1_HEATC,0.78,0.78,0.78,0.78,0.78,0.78,0.78,0.78,0.78,0.78,0.78,0.78,0.78,0.78,0.78,0.78
BLD1NEW,,,PSZ-AC_2:2_HEATC,0.80,0.80,0.80,0.80,0.80,0.80,0.80,0.80,0.80,0.80,0.80,0.80,0.80,0.80,0.80,0.80
BLD1NEW,,,HVAC Control - Economizer,,,,,,,,,,,,,,,,
BLD1NEW,,,PSZ-AC_1:1_FAN,NoEconomizer,NoEconomizer,DifferentialDryBulb,NoEconomizer,DifferentialDryBulb,DifferentialDryBulb,DifferentialDryBulb,NoEconomizer,DifferentialDryBulb,DifferentialDryBulb,DifferentialDryBulb,DifferentialDryBulb,DifferentialDryBulb,DifferentialDryBulb,DifferentialDryBulb,DifferentialDryBulb
BLD1NEW,,,PSZ-AC_2:2_FAN,NoEconomizer,NoEconomizer,NoEconomizer,NoEconomizer,NoEconomizer,NoEconomizer,NoEconomizer,NoEconomizer,NoEconomizer,NoEconomizer,NoEconomizer,NoEconomizer,NoEconomizer,NoEconomizer,NoEconomizer,NoEconomizer
BLD1NEW,Fan,,Fan Max Flow Rate (m3/s ),5.64,5.67,5.64,5.64,5.27,5.58,5.24,5.54,6.04,5.27,5.5,5.95,5.48,5.72,5.33,5.14
BLD1NEW,,,DINING EXHAUST FAN,1.83,1.83,1.83,1.83,1.83,1.83,1.83,1.83,1.83,1.83,1.83,1.83,1.83,1.83,1.83,1.83
BLD1NEW,,,KITCHEN EXHAUST FAN,0.06,0.06,0.06,0.06,0.06,0.06,0.06,0.06,0.06,0.06,0.06,0.06,0.06,0.06,0.06,0.06
BLD1NEW,,,PSZ-AC_1:1_FAN,2.98,3.01,2.99,2.96,2.69,2.92,2.78,2.91,3.26,2.73,2.88,3.19,2.88,3.03,2.77,2.67
BLD1NEW,,,PSZ-AC_2:2_FAN,0.77,0.77,0.76,0.79,0.69,0.77,0.57,0.74,0.89,0.65,0.73,0.87,0.71,0.8,0.67,0.58
BLD1NEW,,Utility Costs,,,,,,,,,,,,,,,,,
BLD1NEW,,,Electric Utility Rates,,,,,,,,,,,,,,,,
BLD1NEW,,,Average Annual Rate ($/kWh),0.07693,0.10668,0.09569,0.10387,0.12380,0.09406,0.14458,0.06634,0.03753,0.07225,0.05227,0.03754,0.05199,0.06819,0.05079,0.08740
BLD1NEW,,,Total Cost ($/m2),57.68,74.88,67.84,67.05,74.13,63.53,84.15,41.66,23.67,42.2,31.99,23.06,31.61,40.82,29.74,50.33
BLD1NEW,,,Gas Utility Rates,,,,,,,,,,,,,,,,
BLD1NEW,,,Average Annual Rate ($/MJ),0.01147,0.00819,0.00857,0.01059,0.00842,0.00811,0.00843,0.00998,0.00715,0.00832,0.00874,0.00714,0.00793,0.00858,0.00793,0.00417
BLD1NEW,,,Total Cost ($/m2),21.93,19.17,18.9,29.18,18.83,19.83,23.28,33.58,20.91,27.68,33.73,24.04,34.48,34.19,39.22,27.25
BLD1NEW,,,Total Utility Costs,,,,,,,,,,,,,,,,
BLD1NEW,,,Cost Intensity ($/m2),79.61,94.06,86.75,96.23,92.96,83.36,107.44,75.25,44.57,69.89,65.72,47.1,66.08,75.01,68.97,77.57
BLD1NEW,,Energy - End Uses,,,,,,,,,,,,,,,,,
BLD1NEW,,,Electricity (kWh),,,,,,,,,,,,,,,,
BLD1NEW,,,Heating,0.00,0.00,0.00,0.00,0.00,0.00,0.00,0.00,0.00,0.00,0.00,0.00,0.00,0.00,0.00,0.00
BLD1NEW,,,Cooling,"83,427.78","59,480.56","63,355.56","31,441.67","10,477.78","47,263.89","2,811.11","23,858.33","21,263.89","3,950.00","16,330.56","13,936.11","14,488.89","8,166.67","4,705.56","1,733.33"
BLD1NEW,,,Interior Lighting,"65,897.22","65,897.22","65,897.22","65,897.22","65,897.22","65,897.22","65,897.22","65,897.22","65,897.22","65,897.22","65,897.22","65,897.22","65,897.22","65,897.22","65,897.22","65,897.22"
BLD1NEW,,,Exterior Lighting,"18,516.67","18,483.33","18,480.56","18,511.11","18,508.33","18,488.89","18,469.44","18,488.89","18,483.33","18,458.33","18,461.11","18,466.67","18,477.78","18,455.56","18,450.00","18,338.89"
BLD1NEW,,,Interior Equipment,"166,402.78","166,402.78","166,402.78","166,402.78","166,402.78","166,402.78","166,402.78","166,402.78","166,402.78","166,402.78","166,402.78","166,402.78","166,402.78","166,402.78","166,402.78","166,402.78"
BLD1NEW,,,Exterior Equipment,0.00,0.00,0.00,0.00,0.00,0.00,0.00,0.00,0.00,0.00,0.00,0.00,0.00,0.00,0.00,0.00
BLD1NEW,,,Fans,"30,211.11","30,405.56","30,211.11","30,244.44","27,325.00","29,663.89","27,091.67","29,386.11","33,452.78","27,300.00","29,072.22","32,705.56","29,002.78","30,819.44","27,811.11","26,275.00"
BLD1NEW,,,Refrigeration,"18,819.44","18,127.78","18,063.89","17,438.89","17,480.56","17,561.11","16,850.00","16,966.67","16,911.11","16,552.78","16,663.89","16,575.00","16,516.67","16,263.89","16,055.56","15,691.67"
BLD1NEW,,,Generators,0.00,0.00,0.00,0.00,0.00,0.00,0.00,0.00,0.00,0.00,0.00,0.00,0.00,0.00,0.00,0.00
BLD1NEW,,,Total End Uses,"383,277.78","358,797.22","362,411.11","329,936.11","306,088.89","345,280.56","297,522.22","321,002.78","322,411.11","298,558.33","312,827.78","313,980.56","310,786.11","306,005.56","299,322.22","294,338.89"
BLD1NEW,,,Gas (MJ),,,,,,,,,,,,,,,,
BLD1NEW,,,Heating,"13,960.00","202,860.00","150,700.00","384,170.00","124,540.00","252,320.00","367,250.00","671,850.00","451,970.00","641,130.00","903,800.00","654,850.00","1,135,110.00","947,810.00","1,413,400.00","2,186,760.00"
BLD1NEW,,,Interior Equipment,"800,920.00","800,920.00","800,920.00","800,920.00","800,920.00","800,920.00","800,920.00","800,920.00","800,920.00","800,920.00","800,920.00","800,920.00","800,920.00","800,920.00","800,920.00","800,920.00"
BLD1NEW,,,Water Systems,"162,410.00","193,490.00","175,610.00","223,430.00","217,620.00","197,130.00","243,250.00","246,970.00","242,500.00","259,220.00","267,630.00","266,550.00","285,480.00","288,730.00","314,930.00","350,570.00"
BLD1NEW,,,Refrigeration,0.00,0.00,0.00,0.00,0.00,0.00,0.00,0.00,0.00,0.00,0.00,0.00,0.00,0.00,0.00,0.00
BLD1NEW,,,Generators,0.00,0.00,0.00,0.00,0.00,0.00,0.00,0.00,0.00,0.00,0.00,0.00,0.00,0.00,0.00,0.00
BLD1NEW,,,Total End Uses,"977,280.00","1,197,260.00","1,127,230.00","1,408,520.00","1,143,080.00","1,250,380.00","1,411,420.00","1,719,740.00","1,495,400.00","1,701,270.00","1,972,350.00","1,722,320.00","2,221,510.00","2,037,460.00","2,529,250.00","3,338,250.00"
BLD1NEW,,,Total Building (MJ),"2,357,080","2,488,940","2,431,910","2,596,290","2,245,000","2,493,390","2,482,500","2,875,350","2,656,080","2,776,080","3,098,530","2,852,660","3,340,340","3,139,080","3,606,810","4,397,870"
BLD1NEW,,Energy - End Use Intensities,,,,,,,,,,,,,,,,,
BLD1NEW,,,Electricity (MJ/m2),,,,,,,,,,,,,,,,
BLD1NEW,,,Heating (elec),0.00,0.00,0.00,0.00,0.00,0.00,0.00,0.00,0.00,0.00,0.00,0.00,0.00,0.00,0.00,0.00
BLD1NEW,,,Cooling (elec),587.58,418.92,446.21,221.44,73.79,332.88,19.80,168.03,149.76,27.82,115.02,98.15,102.04,57.52,33.14,12.21
BLD1NEW,,,Interior Lighting (elec),464.11,464.11,464.11,464.11,464.11,464.11,464.11,464.11,464.11,464.11,464.11,464.11,464.11,464.11,464.11,464.11
BLD1NEW,,,Exterior Lighting (elec),130.41,130.18,130.16,130.37,130.35,130.22,130.08,130.22,130.18,130.00,130.02,130.06,130.14,129.98,129.94,129.16
BLD1NEW,,,Interior Equipment (elec),1171.97,1171.97,1171.97,1171.97,1171.97,1171.97,1171.97,1171.97,1171.97,1171.97,1171.97,1171.97,1171.97,1171.97,1171.97,1171.97
BLD1NEW,,,Exterior Equipment (elec),0.00,0.00,0.00,0.00,0.00,0.00,0.00,0.00,0.00,0.00,0.00,0.00,0.00,0.00,0.00,0.00
BLD1NEW,,,Fans (elec),212.78,214.14,212.78,213.01,192.45,208.92,190.81,206.96,235.61,192.27,204.75,230.34,204.26,217.06,195.87,185.05
BLD1NEW,,,Refrigeration (elec),132.54,127.67,127.22,122.82,123.11,123.68,118.67,119.50,119.10,116.58,117.36,116.74,116.33,114.55,113.08,110.52
BLD1NEW,,,Generators (elec),0.00,0.00,0.00,0.00,0.00,0.00,0.00,0.00,0.00,0.00,0.00,0.00,0.00,0.00,0.00,0.00
BLD1NEW,,,Total End Uses,2699.40,2526.99,2552.44,2323.72,2155.77,2431.79,2095.43,2260.80,2270.72,2102.73,2203.23,2211.35,2188.85,2155.18,2108.11,2073.01
BLD1NEW,,,Gas (MJ/m2),,,,,,,,,,,,,,,,
BLD1NEW,,,Heating (gas),27.31,396.87,294.83,751.58,243.65,493.63,718.48,1314.39,884.22,1254.29,1768.17,1281.13,2220.70,1854.27,2765.14,4278.12
BLD1NEW,,,Interior Equipment (gas),1566.90,1566.90,1566.90,1566.90,1566.90,1566.90,1566.90,1566.90,1566.90,1566.90,1566.90,1566.90,1566.90,1566.90,1566.90,1566.90
BLD1NEW,,,Water Systems (gas),317.73,378.54,343.56,437.11,425.75,385.66,475.89,483.17,474.42,507.13,523.58,521.47,558.51,564.86,616.12,685.85
BLD1NEW,,,Total End Uses,1911.92,2342.29,2205.28,2755.59,2236.29,2446.21,2761.26,3364.45,2925.56,3328.32,3858.65,3369.50,4346.10,3986.03,4948.16,6530.86
BLD1NEW,,,Total Building (MJ/m2),4611.33,4869.29,4757.72,5079.31,4392.06,4878.00,4856.70,5625.26,5196.28,5431.05,6061.88,5580.87,6534.95,6141.21,7056.27,8603.87
BLD1NEW,,Peak Energy Demand,,,,,,,,,,,,,,,,,
BLD1NEW,,,Electricity Peak Demand (kW),,,,,,,,,,,,,,,,
BLD1NEW,,,Jan,62.03,58.09,52.95,47.60,54.05,46.29,45.93,46.29,46.88,45.95,46.13,47.10,46.05,46.34,45.87,47.21
BLD1NEW,,,Feb,63.26,55.26,55.80,48.12,53.78,47.80,47.88,46.19,47.95,45.93,46.10,46.63,46.02,46.42,45.90,45.62
BLD1NEW,,,Mar,63.59,59.32,61.89,50.85,51.82,51.13,45.91,52.65,48.02,45.93,47.09,51.27,46.08,47.04,45.85,45.66
BLD1NEW,,,Apr,65.49,63.65,64.18,56.02,55.94,62.18,47.79,50.84,55.41,45.50,45.59,51.05,49.09,46.03,43.28,45.60
BLD1NEW,,,May,68.53,70.34,75.39,65.41,52.31,68.37,50.01,59.20,60.86,49.15,58.27,57.19,65.43,52.41,49.31,45.22
BLD1NEW,,,Jun,71.02,70.66,80.97,66.63,50.78,78.48,51.14,70.46,66.28,52.82,67.74,64.92,67.82,62.77,56.76,53.68
BLD1NEW,,,Jul,70.43,72.54,78.79,72.01,54.24,76.89,57.78,71.53,69.18,55.33,69.88,64.84,68.38,63.16,62.11,54.70
BLD1NEW,,,Aug,70.52,72.00,79.86,69.36,59.24,75.01,54.04,70.72,63.80,54.12,68.47,65.51,67.81,61.70,59.44,51.69
BLD1NEW,,,Sep,69.62,70.91,74.71,63.90,64.24,71.84,59.43,61.46,59.48,63.54,59.99,60.22,55.16,58.12,50.81,45.77
BLD1NEW,,,Oct,71.33,67.93,65.58,58.84,57.99,63.53,51.85,59.00,56.99,50.16,53.78,54.76,52.28,51.15,50.15,45.73
BLD1NEW,,,Nov,67.92,64.26,60.10,48.79,53.52,49.03,46.36,52.93,48.20,46.33,53.57,47.57,46.46,46.42,45.98,45.66
BLD1NEW,,,Dec,62.86,62.11,51.24,47.56,54.76,47.91,45.95,46.28,46.74,45.94,46.15,46.62,46.05,46.34,45.87,47.26
BLD1NEW,,,Time of Peak Electrical Demand,,,,,,,,,,,,,,,,
BLD1NEW,,,Jan,06-JAN-12:15,03-JAN-12:15,28-JAN-18:15,23-JAN-18:15,26-JAN-12:00,18-JAN-16:00,15-JAN-17:15,09-JAN-07:30,25-JAN-17:30,14-JAN-07:45,18-JAN-07:15,27-JAN-17:15,16-JAN-07:45,10-JAN-07:00,16-JAN-07:45,01-JAN-11:15
BLD1NEW,,,Feb,23-FEB-12:15,22-FEB-18:15,28-FEB-18:30,20-FEB-18:30,12-FEB-12:00,08-FEB-17:15,15-FEB-18:15,15-FEB-17:45,14-FEB-17:45,21-FEB-18:15,27-FEB-18:45,11-FEB-17:30,18-FEB-07:15,02-FEB-17:30,28-FEB-17:00,27-FEB-08:15
BLD1NEW,,,Mar,13-MAR-11:00,25-MAR-17:30,17-MAR-17:15,28-MAR-17:30,04-MAR-11:00,30-MAR-17:00,22-MAR-06:15,09-MAR-18:00,01-MAR-18:15,13-MAR-06:30,14-MAR-17:00,26-MAR-16:30,23-MAR-06:15,30-MAR-17:15,13-MAR-06:30,09-MAR-07:30
BLD1NEW,,,Apr,04-APR-17:15,29-APR-17:15,01-APR-17:15,14-APR-17:15,11-APR-17:15,21-APR-17:15,29-APR-11:00,05-APR-17:15,21-APR-17:15,29-APR-17:15,07-APR-11:00,24-APR-11:00,16-APR-17:15,06-APR-17:15,14-APR-10:15,01-APR-06:15
BLD1NEW,,,May,23-MAY-11:15,26-MAY-17:30,28-MAY-16:00,31-MAY-17:45,29-MAY-11:00,31-MAY-17:15,09-MAY-11:00,15-MAY-17:15,31-MAY-17:15,15-MAY-17:15,30-MAY-17:15,23-MAY-17:15,27-MAY-17:15,16-MAY-17:15,31-MAY-17:15,30-MAY-17:15
BLD1NEW,,,Jun,26-JUN-10:00,13-JUN-17:15,08-JUN-15:00,08-JUN-17:15,28-JUN-11:15,27-JUN-16:15,16-JUN-11:15,30-JUN-16:00,19-JUN-17:15,27-JUN-17:45,08-JUN-11:00,28-JUN-11:00,29-JUN-17:30,30-JUN-16:15,14-JUN-17:15,20-JUN-17:00
BLD1NEW,,,Jul,13-JUL-10:00,30-JUL-10:00,19-JUL-16:00,03-JUL-17:30,29-JUL-10:15,24-JUL-16:15,02-JUL-15:30,25-JUL-10:00,31-JUL-17:30,24-JUL-17:00,14-JUL-11:15,17-JUL-11:00,15-JUL-15:30,21-JUL-16:00,06-JUL-17:30,29-JUL-17:00
BLD1NEW,,,Aug,21-AUG-15:30,31-AUG-10:00,01-AUG-16:00,17-AUG-11:00,08-AUG-11:00,04-AUG-16:30,15-AUG-11:00,17-AUG-15:15,01-AUG-17:15,07-AUG-17:15,04-AUG-16:15,30-AUG-11:00,27-AUG-15:15,09-AUG-17:15,11-AUG-17:30,15-AUG-17:15
BLD1NEW,,,Sep,06-SEP-11:00,16-SEP-10:00,12-SEP-17:30,11-SEP-11:00,24-SEP-10:00,01-SEP-11:00,28-SEP-15:15,05-SEP-11:00,20-SEP-17:15,02-SEP-15:00,06-SEP-11:15,02-SEP-15:15,14-SEP-11:00,01-SEP-17:15,08-SEP-17:00,19-SEP-06:30
BLD1NEW,,,Oct,07-OCT-17:00,29-OCT-17:45,24-OCT-17:45,21-OCT-17:00,19-OCT-10:00,03-OCT-17:30,16-OCT-17:30,20-OCT-17:30,12-OCT-17:45,17-OCT-17:30,31-OCT-17:15,05-OCT-11:00,08-OCT-17:45,05-OCT-17:00,07-OCT-17:45,04-OCT-06:00
BLD1NEW,,,Nov,01-NOV-17:00,27-NOV-18:30,12-NOV-17:30,19-NOV-17:30,20-NOV-12:00,10-NOV-17:15,02-NOV-17:00,04-NOV-17:15,01-NOV-17:30,04-NOV-17:45,02-NOV-17:30,04-NOV-17:15,02-NOV-17:15,21-NOV-07:30,08-NOV-18:45,14-NOV-08:30
BLD1NEW,,,Dec,15-DEC-18:15,02-DEC-18:00,11-DEC-17:30,04-DEC-18:00,19-DEC-12:00,05-DEC-18:15,03-DEC-17:45,23-DEC-07:15,08-DEC-16:00,31-DEC-07:45,12-DEC-18:45,21-DEC-16:45,02-DEC-07:15,29-DEC-07:00,26-DEC-07:30,18-DEC-11:15
BLD1NEW,,Source Energy,,,,,,,,,,,,,,,,,
BLD1NEW,,,Total Source Energy (GJ),"5,644","5,999","5,358","5,534","4,659","5,812","4,856","6,010","5,484","3,730","6,147","5,631","6,271","6,054","6,466","7,430"
BLD1NEW,,,Total Source Energy (MJ/m2),"11,042","11,736","10,481","10,826","9,114","11,370","9,501","11,759","10,729","7,297","12,026","11,017","12,269","11,844","12,649","14,536"
BLD1NEW,,Water Consumption (m3),,,,,,,,,,,,,,,,,
BLD1NEW,,,Cooling,0.00,0.00,0.00,0.00,0.00,0.00,0.00,0.00,0.00,0.00,0.00,0.00,0.00,0.00,0.00,0.00
BLD1NEW,,,Heat Rejection,0.00,0.00,0.00,0.00,0.00,0.00,0.00,0.00,0.00,0.00,0.00,0.00,0.00,0.00,0.00,0.00
BLD1NEW,,,Water Systems,"1,377.36","1,377.36","1,377.36","1,377.36","1,377.36","1,377.36","1,377.36","1,377.36","1,377.36","1,377.36","1,377.36","1,377.36","1,377.36","1,377.36","1,377.36","1,377.36"
BLD1NEW,,,Total Building,"1,377.36","1,377.36","1,377.36","1,377.36","1,377.36","1,377.36","1,377.36","1,377.36","1,377.36","1,377.36","1,377.36","1,377.36","1,377.36","1,377.36","1,377.36","1,377.36"
BLD1NEW,,Emissions,,,,,,,,,,,,,,,,,
BLD1NEW,,,Carbon Equivalent (kg),"122,736.66","141,271.07","129,729.74","127,031.57","56,384.24","139,002.11","60,221.90","117,635.70","158,670.78","52,423.79","202,351.42","159,319.10","146,439.98","148,567.14","148,064.87","143,020.91"
BLD1NEW,,,CO2 (kg),"294,312.64","362,691.74","316,010.92","304,048.20","155,058.07","340,968.34","166,365.46","283,856.00","384,794.97","140,291.62","487,576.75","388,593.46","360,988.73","366,244.88","367,974.45","381,396.36"
BLD1NEW,,,NOX (kg),475.48,451.37,488.17,512.04,135.80,511.47,146.20,469.74,609.17,163.47,794.00,605.83,552.61,558.06,550.66,417.82
BLD1NEW,,,SO2 (kg),"1,640.84","1,711.79","1,457.62","1,158.45",890.99,"1,899.65",866.13,"1,172.25","1,408.31",231.22,"2,108.75","1,371.56",734.10,817.62,707.12,"1,499.20"
BLD1NEW,,,PM (kg),0.00,0.00,0.00,0.00,0.00,0.00,0.00,0.00,0.00,0.00,0.00,0.00,0.00,0.00,0.00,0.00
BLD1NEW,,,Hg (kg),0.0076,0.0049,0.0041,0.0044,0.0005,0.0037,0.0005,0.0049,0.0056,0.0011,0.0066,0.0055,0.0056,0.0059,0.0054,0.0054
BLD1NEW,,,Water for Electricity (m3),203.04,583.81,"10,765.20","2,059.98","5,374.25","9,472.42","5,223.83",72.88,"1,464.01","3,050.32",485.34,"1,425.73",482.17,"19,383.70",464.38,300.72